file,variable,type,description_en,description_ko
summary_by_sido.csv / summary_by_sigungu.csv / summary_by_eupmyeondong.csv,year,integer,"Reference year. sido 2006-2024; sigungu 2008-2024; eupmyeondong 2014-2024. The district file starts in 2008 with the yearbook's district table, the unit list it follows. MOIS also publishes its broad-definition count by district for 2006 and 2007; those years are not in the district file, because the general-district cities are printed whole and there is no district count to divide them by. They are in summary_by_sido, summed.","기준연도. sido 2006-2024, sigungu 2008-2024, eupmyeondong 2014-2024. 시군구 파일은 그 단위 목록을 따르는 연보 시군구 표와 함께 2008년에 시작한다. 행정안전부는 2006·2007년 광의 외국인주민도 시군구별로 내지만, 일반구를 둔 시를 통째로 싣고 그것을 나눌 시군구 수치가 없어 시군구 파일에는 싣지 않는다. 그 두 해는 summary_by_sido 에 합쳐 들어 있다."
summary_by_sido.csv / summary_by_sigungu.csv / summary_by_eupmyeondong.csv,sido / sido_en,string,"Province or metropolitan city (Korean + English), on one fixed set of names for every year of the panel. Two cases need care. 세종특별자치시 (Sejong, established July 2012) has no province row before 2012: at the sido level its 2008-2011 residents are counted inside 충청남도, and only the district file carries 세종시 as a continuous unit from 2008. The 2012-2014 yearbooks still print a residual 연기군 line inside 충청남도, although 연기군 had become 세종 in July 2012; both levels count it in 세종, so from 2012 the 세종특별자치시 row equals its one district, 세종시. 강원도 and 전라북도 keep these short names in every year, although the register renamed them 강원특별자치도 (2023) and 전북특별자치도 (2024); sido_code follows the register and the name does not. The source spellings, year by year, are in crosswalk_region.csv; the raw files are listed in raw_input_manifest.csv in the GitHub repository (https://github.com/nariyoo/kird-korea-immigration).","광역시·도(한글+영문). 모든 해에 하나의 고정된 이름 집합을 씁니다. 두 경우를 주의하십시오. 세종특별자치시(2012년 7월 출범)는 2012년 전에는 시도 행이 없고, 시도 층에서는 2008-2011년 주민이 충청남도 안에 들어 있으며, 시군구 파일만 세종시를 2008년부터 한 단위로 잇습니다. 2012-2014년 연보는 연기군이 2012년 7월 세종이 된 뒤에도 충청남도 안에 연기군 잔여 줄을 싣는데, 두 층 모두 이것을 세종에 세므로 2012년부터 세종특별자치시 행은 그 유일한 시군구인 세종시와 같습니다. 강원도와 전라북도는 대장이 강원특별자치도(2023)와 전북특별자치도(2024)로 이름을 바꾼 뒤에도 모든 해에 짧은 이름을 씁니다. sido_code 는 대장을 따르고 이름은 따르지 않습니다. 해마다 원자료가 쓴 표기는 crosswalk_region.csv 에, 원자료 목록은 GitHub 저장소의 raw_input_manifest.csv 에 있습니다(https://github.com/nariyoo/kird-korea-immigration)."
children_by_age.csv / diaspora_residence_by_sido.csv / ethnic_enclaves.csv / language_demand.csv / multicultural_households.csv / nationality_by_sido.csv / nationality_by_sigungu.csv / summary_by_eupmyeondong.csv / summary_by_sido.csv / summary_by_sigungu.csv / visa_by_sido.csv / visa_by_sigungu.csv,sido_code,string,"Official two-digit province code (행정안전부 법정동코드) in force on 31 December of that year: the language-neutral join key at the province level, stable under renaming. The code follows the register even where the name column does not: 강원도 is 42 through 2022 and 51 from 2023, the year the register made it 강원특별자치도, and 전라북도 is 45 through 2023 and 52 from 2024 (전북특별자치도), while sido/sido_en keep 강원도 and 전라북도 throughout. It is always the code of the province named in sido, and blank where the register has no such province that year. Two rules place a district in a province. The district files (summary_by_sigungu, nationality_by_sigungu, visa_by_sigungu, the sigungu scope of language_demand, ethnic_enclaves, children_by_age, multicultural_households, summary_by_eupmyeondong) put every district under the province it belongs to in 2024, in every year, so a district keeps one sido and sigungu label across the panel: 군위군, which moved from 경상북도 to 대구광역시 on 1 July 2023, carries sido 대구광역시 and sido_code 27 in every year while its sigungu_code is the code of that year (47720 through 2022, 27720 from 2023); 세종시 carries sido 세종특별자치시 from 2008, and for 2008-2011, before the province existed, its sido_code is blank. The province files (summary_by_sido, nationality_by_sido, visa_by_sido, the sido scope of language_demand, diaspora_residence_by_sido) count a district in the province it belonged to that year, the first two digits of its sigungu_code: 군위군 in 경상북도 through 2022, and 세종시 in 충청남도 through 2011 (there is no 세종특별자치시 row before 2012). To sum a district file to the province files, group on year and the first two digits of sigungu_code, not on sido.","그 해 12월 31일 기준 공식 시도 코드 2자리(행정안전부 법정동코드). 이름과 무관한 시도 층 조인 키다. 이름 칸이 따르지 않는 곳에서도 코드는 대장을 따른다. 강원도는 2022년까지 42, 대장이 강원특별자치도로 바꾼 2023년부터 51이고, 전라북도는 2023년까지 45, 2024년부터 52(전북특별자치도)다. sido/sido_en 은 내내 강원도와 전라북도로 적는다. 언제나 sido 칸이 적은 시도의 코드이고, 그 해 대장에 그 시도가 없으면 공백이다. 시군구가 어느 시도에 드는지는 두 규칙을 따른다. 시군구 파일(summary_by_sigungu, nationality_by_sigungu, visa_by_sigungu, language_demand 의 sigungu 범위, ethnic_enclaves, children_by_age, multicultural_households, summary_by_eupmyeondong)은 모든 해에 각 시군구를 2024년에 속한 시도 아래 둔다. 그래서 한 시군구는 패널 내내 시도·시군구 이름이 하나다. 2023년 7월 1일 경상북도에서 대구광역시로 옮긴 군위군은 모든 해에 sido 대구광역시, sido_code 27 이고 sigungu_code 는 그 해의 코드다(2022년까지 47720, 2023년부터 27720). 세종시는 2008년부터 sido 세종특별자치시이고, 시도가 없던 2008-2011년의 sido_code 는 공백이다. 시도 파일(summary_by_sido, nationality_by_sido, visa_by_sido, language_demand 의 sido 범위, diaspora_residence_by_sido)은 시군구를 그 해에 속했던 시도, 곧 sigungu_code 앞 두 자리의 시도에 센다. 군위군은 2022년까지 경상북도, 세종시는 2011년까지 충청남도에 들고, 2012년 전에는 세종특별자치시 행이 없다. 시군구 파일을 시도 파일에 맞춰 더하려면 sido 가 아니라 연도와 sigungu_code 앞 두 자리로 묶는다."
children_by_age.csv / ethnic_enclaves.csv / language_demand.csv / multicultural_households.csv / nationality_by_sigungu.csv / summary_by_eupmyeondong.csv / summary_by_sigungu.csv / visa_by_sigungu.csv,sigungu_code,string,"Official five-digit district code (행정안전부 법정동코드) in force on 31 December of that year: the language-neutral join key between the district and sub-district tables, and the key that survives the renames the Korean names do not. 인천 남구 and 미추홀구 are the same district, 28170 up to the 2018 rename and 28177 after it; 군위군 is 47720 while it sat in 경상북도 and 27720 once 대구 took it in 2023; 창원시 마산합포구 is 48125 from the 2010 merger. The general districts of 부천시, abolished in 2016 and re-created in 2024, carry the 부천시 code 41190 throughout, because the release publishes 부천시 as one district across the panel. Blank where the register cannot resolve the name.","그 해 12월 31일 기준 공식 시군구 코드 5자리(행정안전부 법정동코드). 시군구 표와 읍면동 표를 잇는 언어중립 조인 키이고, 한글 이름이 못 견디는 개명을 견딘다. 인천 남구와 미추홀구는 같은 시군구로 2018년 개명 전 28170, 이후 28177이다. 군위군은 경상북도 시절 47720, 2023년 대구 편입 뒤 27720이다. 창원시 마산합포구는 2010년 통합 이후 48125다. 2016년 폐지되고 2024년 다시 생긴 부천시 일반구는 공개본이 부천시 한 칸으로 내므로 전 기간 부천시 코드 41190을 단다. 대장에서 못 푼 이름은 공백."
summary_by_sigungu.csv / summary_by_eupmyeondong.csv,sigungu / sigungu_en,string,"District: an autonomous gu, a si (city), a gun (county), or a general gu of a large city, on the MOJ-published unit (Korean + English). In the district files a row under the bare name of a city that has general districts (용인시 2008-2011, 창원시 2010-2015, and 고양시, 성남시, 수원시, 안양시, 천안시 or 청주시 in some years of 2009-2015; 21 district-years) is not that city's total: it is the line the yearbook prints for people it places in the city and in none of its gu, 1 to 261 people, and the city is the sum of that row and its gu rows. Such a row has no resident_pop, foreign_share_pct, broad-definition columns or lisa class (README, District (sigungu) units).","시군구: 자치구·시·군 및 대도시 일반구. MOJ 발표 단위(한글+영문). 시군구 파일에서 일반구를 둔 시의 이름만 적힌 행(용인시 2008-2011, 창원시 2010-2015, 고양시·성남시·수원시·안양시·천안시·청주시는 2009-2015 가운데 몇 해; 21개 시군구-연도)은 그 시의 총계가 아니다. 연보가 그 시에 두되 어느 구에도 두지 않은 사람의 줄(1-261명)이고, 시 전체는 이 행과 구 행들의 합이다. 이런 행에는 resident_pop, foreign_share_pct, 광의 열, lisa 분류가 없다(README 의 District (sigungu) units)."
summary_by_eupmyeondong.csv,eupmyeondong,string,"Sub-district (eup/myeon/dong) on that year's administrative boundaries (Korean only; use adm_code as the language-neutral join key). Every sub-district MOIS prints has a row. Where MOIS masks a row's own total (합계), and with it every category, the district row fixes it (the district's total less its other sub-districts'): 31 sub-district-years of 2016-2024, carried since 2026-09-27 and absent before (삼척시 노곡면 2016-2022; 강동구 둔촌1동 2020-2024; 철원군 근북면 2019-2021 and 2023-2024; 고성군 영현면 2019-2023; 광명시 광명1동 2022-2024; 서초구 반포본동 and 금정구 금성동 2023-2024; 파주시 군내면 2016; 춘천시 남면 2017). A masked cell nothing fixes is blank in that column alone (see broad_total and README, Masked cells).","읍·면·동. 그 해 행정경계 기준(한글만; 언어중립 조인키는 adm_code). 행정안전부가 찍은 읍면동은 모두 행이 있다. 그 행의 합계까지, 곧 모든 칸을 가린 곳은 시군구 행이 그 합계를 정한다(시군구 합계에서 다른 읍면동 합계를 뺀 값). 2016-2024년 31개 읍면동-연도로, 2026-09-27 부터 싣고 그 전에는 뺐다(삼척시 노곡면 2016-2022, 강동구 둔촌1동 2020-2024, 철원군 근북면 2019-2021·2023-2024, 고성군 영현면 2019-2023, 광명시 광명1동 2022-2024, 서초구 반포본동과 금정구 금성동 2023-2024, 파주시 군내면 2016, 춘천시 남면 2017). 무엇으로도 정해지지 않는 가린 칸은 그 열만 빈칸이다(broad_total 과 README 의 Masked cells 참조)."
summary_by_eupmyeondong.csv,adm_code,string,"Official administrative-dong code for that year, as the year's boundary snapshot carries it (source: vuski/admdongkor): 7-digit for 2014/2015/2017, 10-digit standard code for 2016 and 2018-2023, 8-digit statistical (SGIS) code for 2024. Join to the boundary file of the same year. Blank where the dong name has no boundary match that year: 3.5% of rows in 2014, 2.1% in 2015, and at most 0.3% in any later year.","그 해 경계 스냅숏(vuski/admdongkor)이 싣는 행정동코드. 2014/2015/2017=7자리, 2016·2018-2023=10자리 표준코드, 2024=8자리 통계(SGIS) 코드. 같은 해의 경계 파일에 붙이십시오. 그 해 경계와 이름이 맞지 않는 동은 공백: 2014년 3.5%, 2015년 2.1%, 그 뒤로는 해마다 0.3% 이하."
summary_by_sido.csv / summary_by_sigungu.csv,registered_foreigners,integer,"MOJ registered foreigners (long-term, >90 days). Not published at the eup/myeon/dong level. District (sigungu) values begin in 2008. On the 21 district rows under a bare city name beside that city's gu (see sigungu) it counts only the people the yearbook places in the city and in none of its gu, not the city's total; add the gu rows for the whole city.","MOJ 등록외국인(장기체류 >90일). 읍면동 미발행. 시군구는 2008년부터. 일반구 옆에 시 이름만 적힌 21개 시군구 행(sigungu 참조)에서는 그 시의 총계가 아니라, 연보가 그 시에 두되 어느 구에도 두지 않은 사람만 센다. 시 전체는 구 행을 더한다."
summary_by_sido.csv / summary_by_sigungu.csv,resident_pop,integer,"MOIS resident-registration population of Korean nationals. It is the denominator of foreign_share_pct (100 x registered_foreigners / resident_pop reproduces the column) and the Korean-national group in shannon_H_inclusive and continent_H. The files carry no broad-definition share: broad_total counts a different population (MOIS), so a share built from it should state its denominator.","MOIS 내국인 주민등록인구. foreign_share_pct 의 분모이고(100 x registered_foreigners / resident_pop 로 그 열이 재현된다), shannon_H_inclusive 와 continent_H 에서는 내국인 집단이다. 광의 비율 열은 싣지 않는다. broad_total 은 다른 모집단(MOIS)을 세므로, 그것으로 비율을 만들면 분모를 밝혀야 한다."
summary_by_sido.csv / summary_by_sigungu.csv,foreign_share_pct,float,Registered foreigners / resident population x100 (MOJ basis).,등록외국인/주민등록인구 x100 (MOJ 기준).
summary_by_sido.csv / summary_by_sigungu.csv / summary_by_eupmyeondong.csv,broad_total,integer,"MOIS broad-definition foreign residents = non_naturalized + naturalized + children. Different population definition from MOJ; not directly comparable. From 2016 MOIS masks every count under 5 ('***' in 2016, '*' after). A masked cell of these columns is carried wherever the printed cells fix it exactly, through the identities the sheet publishes: within a row, broad_total = non_naturalized + naturalized + children and non_naturalized = its five types; across rows, a row with rows printed under it is their sum (the province over its districts, a city over its general districts, a district over its sub-districts), each identity left with one masked cell settling it, repeated until none does. A cell nothing fixes is blank. Until 2026-09-27 only the row's own identities counted; the rows above now count too, which fixes 2,400 more sub-district cells of 2016-2024 and no district or province cell (the district rows already fixed all of theirs). README, Masked cells.","MOIS 광의 외국인주민 = non_naturalized+naturalized+children. MOJ와 모집단 정의가 달라 직접비교 부적절. 행정안전부는 2016년부터 5 미만을 모두 가린다(2016년 '***', 그 뒤 '*'). 이 열들의 가린 칸은 찍힌 칸으로 값이 정확히 정해지는 곳이면 싣는다. 원표가 싣는 항등식을 쓴다: 한 행 안에서 broad_total = non_naturalized + naturalized + children, non_naturalized = 다섯 유형의 합이고, 행 사이에서는 아래에 찍힌 행들의 합이 위의 행이다(시도는 시군구의, 시는 일반구의, 시군구는 읍면동의 합). 가린 칸이 하나만 남은 항등식이 그 칸을 정하고, 더 정해지는 칸이 없을 때까지 되풀이한다. 정해지지 않는 칸은 빈칸이다. 2026-09-27 까지는 그 행의 항등식만 썼고, 이제 위의 행도 쓴다. 그래서 2016-2024년 읍면동 칸 2,400 개가 더 정해지고 시군구·시도 칸은 더 정해지지 않는다(시군구 행이 이미 제 칸을 모두 정했다). README 의 Masked cells."
summary_by_sido.csv / summary_by_sigungu.csv / summary_by_eupmyeondong.csv,non_naturalized,integer,Foreign residents who have not acquired Korean nationality (subtotal).,한국국적 미취득자 소계.
summary_by_sido.csv / summary_by_sigungu.csv / summary_by_eupmyeondong.csv,workers / marriage_migrants / students / ethnic_koreans / other_foreigners,integer,"Non-naturalized breakdown: foreign workers / marriage migrants / international students / overseas Koreans (foreign nationality) / other. A masked cell is carried where the printed cells fix it (see broad_total): one of the five masked alone under a published non_naturalized is the subtotal minus the other four, at every level (the sub-district file did not recover it before 2026-09-26), and in the sub-district file a cell is also fixed by the district row (since 2026-09-27); a cell nothing fixes stays blank. In summary_by_sido 2006 only, marriage_migrants is the source's 국제결혼이주자 group total, which includes that group's children, the same children the children column counts, so marriage_migrants and children overlap that year (Seoul: 19,848 = 2,719 men + 12,255 women + 4,874 children); from 2007 the two are disjoint.","미취득자 세부: 외국인근로자/결혼이민자/유학생/외국국적동포/기타. 가린 칸은 찍힌 칸으로 정해지는 곳이면 싣는다(broad_total 참조). 공표된 non_naturalized 아래 다섯 가운데 하나만 가렸으면 소계에서 나머지 넷을 뺀 값이고(모든 층; 읍면동 파일은 2026-09-26 전에는 복원하지 않았다), 읍면동 파일에서는 시군구 행으로도 정해진다(2026-09-27 부터). 정해지지 않는 칸은 빈칸이다. summary_by_sido 의 2006년만 marriage_migrants 가 원자료의 국제결혼이주자 무리 합계라 그 무리의 자녀를 품고, 그 자녀는 children 칸에도 있어 그 해에는 두 칸이 겹친다(서울 19,848 = 남 2,719 + 여 12,255 + 자녀 4,874). 2007년부터는 겹치지 않는다."
summary_by_sido.csv / summary_by_sigungu.csv / summary_by_eupmyeondong.csv,naturalized,integer,"Residents who acquired Korean nationality (naturalized). A masked cell is carried where the printed cells fix it (see broad_total): masked alone beside broad_total, non_naturalized and children it is broad_total less the other two, at every level (the sub-district file left 1,443 such cells of naturalized and children blank in 2016-2024 until 2026-09-27), and in the sub-district file the district row fixes more.","한국국적 취득자(귀화). 가린 칸은 찍힌 칸으로 정해지는 곳이면 싣는다(broad_total 참조). broad_total, non_naturalized, children 곁에 이 칸만 가렸으면 broad_total 에서 둘을 뺀 값이고(모든 층; 읍면동 파일은 2026-09-27 까지 2016-2024년의 그런 칸 1,443 개를 naturalized 와 children 에서 비워 두었다), 읍면동 파일에서는 시군구 행이 더 정한다."
summary_by_sido.csv / summary_by_sigungu.csv / summary_by_eupmyeondong.csv,children,integer,Children of foreign residents (MOIS multicultural-family children). A masked cell is carried as naturalized is.,외국인주민 자녀. 가린 칸은 naturalized 와 같이 싣는다.
summary_by_sido.csv / summary_by_sigungu.csv / summary_by_eupmyeondong.csv,foreign_resident_households,integer,"MOIS foreign-resident households (외국인주민 세대수): the column the 2009-2015 editions print after the children block, at the province and district level and, from 2014, the sub-district level; the other editions do not print it, so it is blank before 2009 and after 2015. A count of households, not people, so it enters no identity with broad_total. On a general-district row of 2009-2015 (broad_apportioned True) it is apportioned from the city's published count like the other MOIS columns. Added 2026-09-27.",행정안전부 외국인주민 세대수: 2009-2015년판이 자녀 칸 뒤에 시도·시군구와 2014년부터 읍면동 단위로 찍는 칸. 다른 판은 찍지 않으므로 2009년 전과 2015년 뒤는 빈칸이다. 사람이 아니라 세대를 세므로 broad_total 과 항등식이 없다. 2009-2015년 일반구 행(broad_apportioned True)에서는 다른 MOIS 칸처럼 시의 공표값을 안분한다. 2026-09-27 추가.
summary_by_sido.csv / summary_by_sigungu.csv / summary_by_eupmyeondong.csv,settlement_rate_pct,float,Settlement rate = (naturalized + children) / broad_total x100. Blank where naturalized or children is unreported.,정주화율 = (naturalized+children)/broad_total x100. naturalized 나 children 이 보고되지 않은 곳은 빈칸.
summary_by_sido.csv / summary_by_sigungu.csv / summary_by_eupmyeondong.csv,labor_dependence_pct / marriage_dependence_pct / study_dependence_pct,float,"Share of the non-naturalized population in the labor / marriage / study category (each / non_naturalized x100). Blank where that category is unreported (masked and not recoverable, or not published that year), never 0.0; the sub-district file wrote 0.0 there until 2026-09-26.",노동/결혼/유학 의존도 = 해당유형/non_naturalized x100. 그 유형이 보고되지 않은 곳(가려져 복원할 수 없거나 그 해 발행되지 않음)은 0.0 이 아니라 빈칸이다. 읍면동 파일은 2026-09-26 까지 그 자리에 0.0 을 적었다.
summary_by_sido.csv / summary_by_sigungu.csv / summary_by_eupmyeondong.csv,settlement_type,string,"District settlement typology (Korean label with inline English): each dependence share is divided by a fixed reference share (workers 0.38, students 0.16, marriage 0.15); the largest ratio at or above 1 sets the label (ties broken industrial > university > marriage-settled), otherwise multi-purpose. Blank where any of the three shares is.","정착유형: 각 의존도를 고정 기준치(근로 0.38, 유학 0.16, 결혼 0.15)로 나눠 1 이상인 최대 비율이 라벨 결정(동률은 산업>대학>결혼 순), 모두 1 미만이면 다목적형. 세 의존도 가운데 하나라도 빈칸이면 빈칸."
summary_by_sigungu.csv,broad_apportioned,string,"Written as True / False (pandas reads the CSV column as boolean; the .dta holds the strings 'True' / 'False'). True where the MOIS broad-definition columns of this general-district (gu) row are estimates apportioned from the parent city's published totals by each gu's MOJ registered-foreigner share (2008-2015, when MOIS publishes general-district cities only at the city level); False on every other row: where MOIS publishes the district directly, and on the rows under a bare city name beside that city's gu (see sigungu), for which MOIS publishes nothing, so their MOIS columns are all blank and nothing is apportioned. The column is never blank (until 2026-09-27 this line said it was blank where no MOIS composition exists; the file has written False there since the fifth check of 2026-09-26, so the column reads as one boolean). Where MOIS (as of 1 January) and MOJ (31 December) straddle a merger, each MOIS row goes to the gu on its own ground: 2010 마산시 to 창원시 마산합포구 and 마산회원구, the old 창원시 to 성산구 and 의창구 (True), 진해시 to 진해구 whole (False); 2008-2013 청주시 to 청주시 상당구 and 흥덕구 (True), 청원군 to the 청주시 청원구 row that carries it whole (False); 2014 청주시 and 청원군 together to the merged city's four gu (True).","True / False 로 적는다(pandas 는 CSV 칸을 논리형으로, .dta 는 문자열 'True' / 'False' 로 읽는다). 이 일반구 행의 MOIS 광의 구성이 부모 시 발행값을 구별 MOJ 등록외국인 비중으로 안분한 추정치이면 True(2008-2015, MOIS가 일반구 시를 시 단위로만 발행), 그 밖의 행은 모두 False: MOIS가 구를 직접 발행하는 행, 그리고 그 시의 구 옆에 시 이름만으로 찍힌 줄(sigungu 참조). 시 이름 줄에는 MOIS 가 아무것도 발행하지 않아 MOIS 칸이 모두 비고 안분한 것도 없다. 이 칸은 비지 않는다(2026-09-27 까지 이 글은 MOIS 구성이 없는 행을 공란이라 했으나, 파일은 2026-09-26 다섯째 대조부터 그 행에 False 를 적어 한 가지 논리값으로 읽힌다). 행정안전부(1월 1일 기준)와 법무부(12월 31일 기준)가 통합을 사이에 두는 해에는 행정안전부의 각 행을 제 땅의 구에 나눈다: 2010년 마산시는 창원시 마산합포구·마산회원구, 옛 창원시는 성산구·의창구(True), 진해시는 진해구에 통째로(False). 2008-2013년 청주시는 청주시 상당구·흥덕구(True), 청원군은 그것을 싣는 청주시 청원구 행에 통째로(False). 2014년 청주시와 청원군은 합쳐 통합시의 네 구에(True)."
summary_by_sido.csv / summary_by_sigungu.csv,shannon_H / shannon_H_inclusive / continent_H / HHI / evenness,float,"MOJ-nationality-based diversity, concentration, and evenness indices; see README 'Index definitions'. Begin 2008/2009. Indices are recomputed at each level with the unit treated as one whole; they are never averaged from the level below.","MOJ 국적구성 기반 다양성·집중·균등 지표(정의는 README). 2008/2009~. 지수는 층마다 그 단위를 하나로 보고 다시 계산하며, 아래 층의 평균이 아니다."
summary_by_sido.csv / summary_by_sigungu.csv,index_base_k,integer,"Number of categories every diversity index (shannon_H, shannon_H_inclusive, continent_H, HHI, evenness) is computed over: those of the year's national top 19 nationalities present in the unit, plus one residual bin. It is at most 20: 20 for the country in every year, and less wherever some of the national top 19 are absent. The province rows of 2006-2007, which have no district table, are computed over the five nationalities the province table names plus its Other column, so 6. It describes the index basis, not the unit. Carried the name n_nationalities through v1.1.0; until 2026-09-27 the province rows of 2006-2013 left the residual bin out (5 in 2006-2007, 18-19 in 2008-2013), and HHI of the country and of the provinces and shannon_H_inclusive of the provinces were computed on the full nationality detail.","다양성 지수(shannon_H, shannon_H_inclusive, continent_H, HHI, evenness)를 모두 계산한 칸 수. 그 해 전국 상위 19개국 가운데 그 단위에 있는 나라와 잔여 한 칸이며, 최대 20이다. 전국은 해마다 20이고, 전국 상위 19개국 가운데 빠진 나라가 있는 곳은 20보다 작다. 시군구 표가 없는 2006-2007년의 시도 행은 시도 표가 이름을 적은 다섯 국적과 그 표의 기타 칸으로 계산하므로 6이다. 그 지역의 성질이 아니라 지수의 밑변이다. v1.1.0 까지 n_nationalities 라는 이름으로 실렸다. 2026-09-27 까지 2006-2013년 시도 행은 잔여 칸을 빼고 계산했고(2006-2007 은 5, 2008-2013 은 18-19), 전국과 시도의 HHI 와 시도의 shannon_H_inclusive 는 모든 국적을 따로 세어 계산했다."
summary_by_sido.csv / summary_by_sigungu.csv,n_nationalities_observed,integer,"Distinct nationalities the source lists for that unit and year, with the residual bin and every line that names no country (무국적, 미등록국가, 기타, 국적불명, 국제연합, 국제연합전문기구) excluded. Capped at 19 for 2008-2013, when the yearbook publishes only the top 19 plus a residual at the district level; full detail from 2014.","그 단위·그 해에 연감이 싣는 국적 수(잔여 칸과 나라 이름이 없는 줄, 곧 무국적·미등록국가·기타·국적불명·국제연합·국제연합전문기구 제외). 연감이 시군구 단위에서 전체 국적을 싣기 시작한 해가 2014년이라 2008-2013 은 19에서 막힌다."
summary_by_sigungu.csv,lisa,string,"Local Moran cluster class of the district's foreign share: HH / LL / HL / LH (99,999-permutation conditional randomization, p<0.05, no multiple-comparison correction) or ns. About 249 districts carry a class each year, so about 12 reach p<0.05 by chance; use lisa_fdr for a corrected reading. Island districts with no contiguous neighbor are ns, since the statistic is not defined there. Every year of the panel is computed, including the years before 2014: the statistic needs only the foreign share, which this file carries from 2008. Sigungu only.","시군구 외국인비율의 국지적 Moran 군집 분류: HH/LL/HL/LH(99,999회 순열, p<0.05, 다중비교 보정 없음) 또는 ns. 해마다 약 249곳에 분류가 붙으므로 우연히 12곳가량이 p<0.05 에 걸린다. 보정된 판정은 lisa_fdr 을 쓰십시오. 인접 이웃이 없는 도서 시군구는 ns(통계가 정의되지 않음). 2014년 이전을 포함해 모든 해를 계산합니다. 이 통계에 필요한 것은 외국인 비율뿐이고 이 파일이 2008년부터 담습니다. 시군구 전용."
summary_by_sigungu.csv,lisa_fdr,string,"The same local Moran classes after a Benjamini-Hochberg false-discovery-rate correction at q=0.05 across the districts tested that year, or ns. Far fewer districts survive: in 2024, 2 do (0 of them high-high), against 51 (14 high-high) uncorrected. The 99,999 permutations exist so that this correction is possible at all; with 999 the smallest attainable p exceeds the first Benjamini-Hochberg threshold and nothing can pass.","같은 분류에 Benjamini-Hochberg 위발견율 보정(q=0.05)을 걸어 남은 것, 아니면 ns. 훨씬 적게 남는다. 2024년은 2곳이고 그중 고-고는 0곳이다(보정 전 51곳, 고-고 14곳). 순열을 99,999회로 둔 것이 이 보정을 가능하게 하려는 것이다. 999회면 최소 p 가 BH 의 첫 문턱보다 커서 아무것도 통과하지 못한다."
nationality_by_sigungu.csv / visa_by_sigungu.csv / visa_by_nationality.csv / age_sex_national.csv / children_by_age.csv / multicultural_households.csv,year,integer,Reference year.,기준연도.
nationality_by_sigungu.csv / visa_by_sigungu.csv,sido / sido_en / sigungu / sigungu_en,string,"Province and district (Korean + English), on the districts of summary_by_sigungu, the 21 rows under a bare city name beside that city's gu included (see summary_by_sigungu.sigungu). Each file follows its own yearbook table, and the two 2015 tables place two people differently: the district-by-visa table prints no 창원시 line and counts that person in 창원시 마산합포구, so visa_by_sigungu carries 20 of the 21 city rows and one person more in 마산합포구; and it prints a 화성시 동부출장소 line (1 person, added to 화성시) that the district-by-nationality table does not print.","시도·시군구(한글+영문). summary_by_sigungu 의 시군구와 같고, 일반구 옆에 시 이름만 적힌 21개 행도 들어 있다(summary_by_sigungu.sigungu 참조). 두 파일은 저마다 연보의 제 표를 따르는데, 2015년의 두 표는 두 사람을 달리 둔다. 시군구x체류자격 표는 창원시 줄을 싣지 않고 그 사람을 창원시 마산합포구에 넣으므로 visa_by_sigungu 에는 시 이름 행 21개 가운데 20개가 있고 마산합포구가 한 명 많다. 또 그 표는 시군구x국적 표에 없는 화성시 동부출장소 줄(1명, 화성시에 더한다)을 싣는다."
nationality_by_sigungu.csv,country / country_en,string,"Nationality (Korean + English). Beside the nationalities, the district table prints columns for people it gives no nationality, by edition: 무국적 (Stateless) in 2014-2016, 2019, 2021-2022 and 2024, 미등록국가 (Unregistered country) in 2014-2016, 2019 and 2021-2022, and a single 기타 (Other) column in 2017-2018, 2020 and 2023: 126 to 183 people a year over up to 85 districts. They are carried district by district as printed, so every district, province and national sum equals the table's printed total. They are not nationalities: n_nationalities_observed does not count them, the diversity indices put them in the residual bin, and they are never an enclave or a row of segregation_by_nationality. In 2008-2013 기타 is the yearbook's residual of the nationalities it does not list by name.","국적(한글+영문). 시군구 표는 국적 칸 옆에 국적이 없는 사람의 칸을 판에 따라 싣습니다: 무국적 2014-2016, 2019, 2021-2022, 2024년, 미등록국가 2014-2016, 2019, 2021-2022년, 기타 한 칸 2017-2018, 2020, 2023년, 해마다 126-183명이 많게는 85개 시군구에 나뉩니다. 이 칸을 인쇄된 그대로 시군구마다 실어서 시군구·시도·전국 합이 표의 인쇄 총계와 같습니다. 국적은 아니므로 n_nationalities_observed 에 세지 않고, 다양성 지수에서는 잔여 칸에 들며, 집거지나 segregation_by_nationality 의 행이 되지 않습니다. 2008-2013년의 기타는 연보가 이름으로 싣지 않은 국적의 잔여입니다."
nationality_by_sigungu.csv,n,integer,MOJ registered foreigners of that nationality in that district-year (2008-2024).,해당 시군구·연도·국적의 MOJ 등록외국인 수(2008-2024).
visa_by_sigungu.csv,visa_code,string,"Visa/status-of-stay code, written without hyphens (E9, F4 = the source's E-9, F-4). ETC (2013 on) is the district table's 기타 column, the statuses it does not list by code; its national sum equals visa_national's ETC.","체류자격(비자) 코드, 하이픈 없이 표기(E9, F4 = 원자료의 E-9, F-4). ETC(2013년부터)는 시군구 표의 기타 열, 코드로 따로 싣지 않은 자격이다. 전국 합이 visa_national 의 ETC 와 같다."
visa_by_sigungu.csv,n,integer,MOJ registered foreigners on that visa in that district-year (2008-2024).,해당 시군구·연도·비자의 MOJ 등록외국인 수(2008-2024).
visa_by_nationality.csv,population,string,Population base (values: registered / stay): staying foreigners (체류) or registered foreigners (등록).,모집단: 체류외국인 또는 등록외국인.
visa_by_nationality.csv,country / country_en,string,"Nationality (Korean + English), plus the lines the yearbook prints that name no nationality: 무국적 (Stateless) in 2006-2013 and 2019, 미등록국가 (Unregistered country) and 미상 (Unknown) in 2019, a single 기타 (Other) line in 2014-2018 and 2020-2024, when the yearbook prints no stateless line, and 한국 (Republic of Korea) in 2012. They are carried so that each year adds up to the yearbook's printed grand total. The district and province tables come from the yearbook's district table, which prints the same kind of population as columns of its own, by edition: 무국적 in 2014-2016, 2019, 2021-2022 and 2024, 미등록국가 in 2014-2016, 2019 and 2021-2022, and a single 기타 column in 2017-2018, 2020 and 2023 (126 to 183 people a year). The district files carry them district by district as printed (see nationality_by_sigungu.country).","국적(한글+영문). 연보가 국적이 아닌 줄로 싣는 것도 함께 싣습니다: 무국적 (2006-2013 and 2019), 미등록국가·미상(2019), 무국적을 따로 싣지 않는 해의 기타 한 줄(2014-2018 and 2020-2024), 한국(2012). 해마다 연보가 인쇄한 총계와 맞도록 싣는 것입니다. 시군구·시도 표는 연보의 시군구 표에서 오며, 그 표는 같은 사람들을 판에 따라 제 칸으로 싣습니다: 무국적 2014-2016, 2019, 2021-2022, 2024년, 미등록국가 2014-2016, 2019, 2021-2022년, 기타 한 칸 2017-2018, 2020, 2023년(해마다 126-183명). 시군구 파일은 그 칸을 인쇄된 그대로 시군구마다 싣습니다(nationality_by_sigungu.country 참조)."
visa_by_nationality.csv,visa_code,string,"Visa/status-of-stay code, written without hyphens (E9, F4 = the source's E-9, F-4).","체류자격(비자) 코드, 하이픈 없이 표기(E9, F4 = 원자료의 E-9, F-4)."
visa_by_nationality.csv,visa_label / visa_label_en,string,"Visa category label (Korean + English). A few pre-2011 legacy codes carry no descriptive source label and mirror the code (e.g. M1). E8T is the 연수취업 (trainee employment) status the 2006-2009 editions print as E-8; E8 from 2021 on is 계절근로 (seasonal worker), a different status that reused the code, and no edition prints E-8 from 2010 to 2020. X00 is 자격없음 (0-0), people the 2014 stay table records with no status (434). E10 선원취업 runs from 2006: in 2007-2009 it is the three crew columns those editions print in place of an E-10 column (E0A 내항선원, E0B 어선원, E0C 순항선원), the subdivisions E-10-1 to E-10-3 (crosswalk_visa); they were a code of their own, E0, until 2026-09-27.","비자 분류 라벨(한글+영문). 2006-2011 일부 옛 코드는 원자료에 설명 라벨이 없어 코드를 그대로 둠(예 M1). E8T 는 2006-2009년판이 E-8 로 싣는 연수취업이고, 2021년판부터의 E8 은 같은 코드를 다시 쓴 다른 자격인 계절근로다. 2010-2020년판에는 E-8 칸이 없다. X00 은 2014년 체류외국인 표의 자격없음(0-0), 434명. E10 선원취업은 2006년부터 이어진다. 2007-2009년에는 그 판들이 E-10 칸 대신 찍는 선원 세 칸(E0A 내항선원, E0B 어선원, E0C 순항선원), 곧 E-10-1 에서 E-10-3 까지의 구분이다(crosswalk_visa). 2026-09-27 까지는 따로 E0 코드였다."
visa_by_nationality.csv,n,integer,Count for that population x nationality x visa x year (2006-2024).,모집단×국적×비자×연도 인원(2006-2024).
age_sex_national.csv,population,string,"Population base: registered (등록외국인, 2006-2024) or stay (체류외국인, 2011-2024). registered comes from the yearbook table 국적(지역) 및 연령별 등록외국인 현황 (titled 국적 및 연령별 in the 2006 and 2007 editions; 2006-2008 on the bands those editions print, see age_group; until 2026-09-27 the file began in 2009). stay adds short-term sojourners and F-4 residence reports to the registered population and comes from 국적(지역) 및 연령별 체류외국인 현황, which the yearbook first publishes in its 2011 edition. The two are different populations: filter to one before summing or comparing years, and never splice one onto the other. Each matches nationality_national.csv for the same population, line by line, the lines that name no nationality included, with two exceptions from the yearbook: in 2022 the stay age table names 17 people under 홍콩거주난민 (folded into 홍콩) whom the status table holds in its 기타 line, and in 2014-2016 and 2018 the stay age table's printed total exceeds its rows by 4, 3, 2 and 1 persons, whom the status table holds in its 기타 line.","모집단(값: registered / stay). registered = 등록외국인, 연보 「국적(지역) 및 연령별 등록외국인 현황」(2006·2007년판은 「국적 및 연령별」), 2006-2024. 2006-2008년은 그 판들이 찍는 연령대로 싣는다(age_group 참조). 2026-09-27 까지는 2009년부터였다. stay = 체류외국인(등록 + 단기체류 + 재외동포 거소신고), 「국적(지역) 및 연령별 체류외국인 현황」, 2011-2024(연보가 2011년판부터 싣습니다). 서로 다른 모집단이므로 합하거나 연도를 견주기 전에 하나로 거르고, 한 계열을 다른 계열에 잇지 마십시오. 각 계열은 같은 모집단의 nationality_national.csv 와 국적 아닌 줄까지 줄마다 맞습니다. 예외 둘은 연보에서 옵니다: 2022년 체류 연령표가 홍콩거주난민으로 적은 17명(홍콩에 합침)을 상태표는 기타 줄에 두고, 2014-2016·2018년 체류 연령표의 인쇄 총계가 제 행들의 합보다 4·3·2·1명 많은데 상태표는 그 사람들을 기타 줄에 둡니다."
age_sex_national.csv,country / country_en,string,"Nationality (Korean + English), and the lines the age table prints that name no nationality, under the labels nationality_national gives the same lines: 무국적 (Stateless), a single 기타 (Other) line, 미등록국가, 미상 and 한국. They were left out until 2026-09-26.","국적(한글+영문). 연령표가 국적 없이 싣는 줄도 nationality_national 이 같은 줄에 주는 이름으로 싣는다: 무국적, 기타 한 줄, 미등록국가, 미상, 한국. 2026-09-26 전에는 빠져 있었다."
age_sex_national.csv,gender,string,"Sex: M, F, X, or T for the total, T = M + F + X in every cell. X is the 제3의성 (third sex) row the stay table prints: one person in 2019, 3 in 2022, 7 in 2023 and 9 in 2024. The registered table has no such row. Until 2026-09-26 X was not carried, and 2019's total, which that edition does not print by nationality, missed its one person. Use T for a total.","성별(M 남성, F 여성, X 제3의성, T 계). 모든 칸에서 T = M + F + X. X 는 체류외국인 표가 싣는 제3의성 행이다: 2019년 1명, 2022년 3명, 2023년 7명, 2024년 9명. 등록외국인 표에는 그 행이 없다. 2026-09-26 전에는 X 를 싣지 않아, 국적별 총계를 싣지 않는 2019년판의 T 가 그 한 명을 빠뜨렸다. 총계는 T 를 쓰십시오."
age_sex_national.csv,age_group,string,"Age band, under the label the edition prints (13 bands in every year). 2009-2024: 0-4, 5-9, ... 55-59, 60+. The registered tables of the 2006-2008 editions print 0-5, 6-10, ... 56-60 and an open band printed 60세이상 in 2006-2007 (carried as 60+) and 61세 이상 in 2008 (61+). Those three years are carried on their own bands and not folded into the later ones, because the yearbook does not settle which ages they hold: in 2006-2007 the printed 56-60 and 60+ both claim age 60, and the 2008 edition's region-by-age table, which counts the same 854,007 people on bands printed 0-4, 5-9, ..., differs from this table in every band (0-4 7,496 there, 0-5 9,377 here), while the counts here run on into 2009's bands as if they were the same ones (0-4 9,971 in 2009). Compare 2006-2008 with later years band by band only knowing this; the totals over all bands are unaffected.","연령대. 판이 찍는 이름 그대로(모든 해 13구간). 2009-2024년: 0-4, 5-9, ... 55-59, 60+. 2006-2008년판의 등록외국인 표는 0-5, 6-10, ... 56-60 과 열린 구간 하나를 찍는다: 2006-2007년 「60세이상」(60+ 로 싣는다), 2008년 「61세 이상」(61+). 이 세 해는 제 구간으로 싣고 뒤의 구간에 접지 않는다. 연보가 그 구간이 어느 나이를 담는지 정해 주지 않기 때문이다: 2006-2007년은 찍힌 56-60 과 60+ 가 둘 다 60세를 포함하고, 같은 854,007명을 0-4, 5-9, ... 로 찍는 2008년판 지역별 연령표는 이 표와 모든 구간에서 다르며(그 표의 0-4 7,496명, 이 표의 0-5 9,377명), 이 표의 수는 2009년 구간에 같은 구간처럼 이어진다(2009년 0-4 9,971명). 2006-2008년을 뒤의 해와 구간별로 견줄 때는 이 점을 알고 쓰십시오. 모든 구간의 합은 영향이 없다."
age_sex_national.csv,n,integer,"MOJ count for that population x nationality x age x sex x year: registered foreigners 2006-2024 or staying foreigners 2011-2024, as `population` says. Cells the source prints as zero are omitted.",모집단×국적×연령×성별×연도 MOJ 인원. population 에 따라 등록외국인(2006-2024) 또는 체류외국인(2011-2024). 원자료가 0으로 적은 칸은 싣지 않습니다.
children_by_age.csv,sido / sido_en / sigungu / sigungu_en,string,Province and district (Korean + English).,시도·시군구(한글+영문).
children_by_age.csv,age,integer,"Single year of age, 0-18. No sex breakdown (not published by the source).",연령(0-18세 단년). 성별 구분 없음(원자료 미발행).
children_by_age.csv,n,integer,"MOIS children of foreign residents at that age (2011-2024). Covers ALL foreign-resident children (Korea-born plus naturalized/foreign-nationality), so sums exceed the summary files' children column, which counts Korea-born only from 2016. City grain for general-district cities before 2016; gu grain from 2016, except 부천시, which is one district in every year as in every other district file (its 2024 general districts are summed). From 2016 the source masks every count under 5 ('***' in 2016, '*' after), and a masked age is carried wherever the printed cells fix it exactly: the district's total less its other ages, the city's row less its other general districts, the province's row less its other districts, each identity left with one masked cell settling it, repeated until none does (633 cells of 2016-2024; until 2026-09-27 only the district total counted, 177 cells). An age nothing fixes (595 cells of 2016-2024, none in 2023), or one the source does not print (it omits some ages with no children, e.g. 2014), has no row. Every district-year has rows: 울릉군 (47940), whose every printed age is masked, carries the 9 to 19 ages a year that its province's row and its own total fix (it had no row before 2026-09-27), and its total is in summary_by_sigungu.children.","해당 연령 외국인주민 자녀 수(2011-2024). 전체 자녀(국내출생+귀화·외국국적) 기준이라 합계가 summary의 children(2016년부터 국내출생만)보다 큼. 2016년 이전은 일반구 시를 시 단위로, 2016년부터 구 단위로 수록하되 부천시는 다른 시군구 파일처럼 모든 해에 한 단위(2024년 일반구를 합침). 원자료는 2016년부터 5 미만을 모두 가리고(2016년 '***', 그 뒤 '*'), 가린 연령은 찍힌 칸으로 값이 정확히 정해지는 곳이면 싣는다: 시군구 합계에서 다른 연령을, 시 행에서 다른 일반구를, 시도 행에서 다른 시군구를 뺀 값이고, 가린 칸이 하나만 남은 항등식이 그 칸을 정하며 더 정해지는 칸이 없을 때까지 되풀이한다(2016-2024년 633 칸; 2026-09-27 까지는 시군구 합계만 써서 177 칸). 정해지지 않는 연령(2016-2024년 595 칸, 2023년에는 없음)과 원자료가 찍지 않은 연령(자녀가 없는 연령을 빼기도 한다, 예: 2014)은 행이 없다. 모든 시군구·연도에 행이 있다. 찍은 연령을 모두 가린 울릉군(47940)은 시도 행과 제 합계가 정하는 연령을 해마다 9-19 개 싣고(2026-09-27 전에는 행이 없었다), 합계는 summary_by_sigungu.children 에 있다."
multicultural_households.csv,sido / sido_en / sigungu / sigungu_en,string,Province and district (Korean + English).,시도·시군구(한글+영문).
multicultural_households.csv,adm_code,string,"Administrative-dong code of the eupmyeondong for that year, the same code summary_by_eupmyeondong carries (joined on year, sigungu_code and the dong name; where MOIS spells one dong differently in its two sheets, 신천1·2동 against 신천1.2동 or 벌용동 against 벌룡동, the names are compared with separators removed and the one listed spelling pair read as one); blank where summary_by_eupmyeondong has no code for that sub-district either. Added in v1.2.0 so this file joins on a code and not a name.","그 해 읍면동의 행정동코드. summary_by_eupmyeondong 과 같은 코드를 (연도, sigungu_code, 동 이름)으로 옮겨 붙였다. MOIS 가 한 동을 두 시트에서 달리 적은 곳(신천1·2동 과 신천1.2동, 벌용동 과 벌룡동)은 구분 기호를 빼고, 목록에 적은 한 쌍은 같은 이름으로 견준다. summary_by_eupmyeondong 에도 코드가 없는 곳은 공백이다. 이름이 아니라 코드로 붙이라고 v1.2.0 에서 넣었다."
multicultural_households.csv,eupmyeondong,string,"Sub-district (eup/myeon/dong), Korean only.",읍·면·동(한글만).
multicultural_households.csv,category / category_en,string,"Household-member type (Korean + English). The MOIS source is a 3-level hierarchy flattened into this file (see category_level), so totals and subtotals coexist with leaf categories.",다문화가구원 유형(한글+영문). MOIS 원자료가 3단 계층이라 합계·소계·말단이 한 파일에 공존(category_level 참조).
multicultural_households.csv,category_level,string,"Hierarchy level of the category: 'total' (합계), 'subtotal' (the three _소계), or 'leaf'. Filter to one level before summing to avoid double counting.",카테고리 계층: 'total'(합계)/'subtotal'(3개 _소계)/'leaf'(말단). 합산 전 한 레벨만 골라야 중복집계 방지.
multicultural_households.csv,n,integer,"MOIS multicultural household members of that type (2016-2024). MOIS masks every count under 5 ('*') and prints no zero. A masked cell is carried wherever the printed cells fix it exactly, and may be 0: the sub-district's own identities (합계 = the four member groups, each two-part group = its two parts) and the district row printed above the sub-districts (the district's cell less its other sub-districts'), each identity left with one masked cell settling it, repeated until none does (README, Masked cells). 45,051 rows of 2016-2024 are such cells, 15,433 of them 0: 42,225 fixed by the row alone (carried since the third check of 2026-09-27) and 2,826 more by the district rows (since the owner's decision of the same day). A cell nothing fixes has no row.","해당 유형 다문화가구원 수(2016-2024). MOIS 는 5 미만을 모두 가리고('*') 0 을 찍지 않는다. 가린 칸은 찍힌 칸으로 값이 정확히 정해지는 곳이면 싣고 0 일 수 있다: 그 읍면동의 항등식(합계 = 네 무리, 두 항목 무리 = 두 항목의 합)과 읍면동 위에 찍힌 시군구 행(시군구 칸에서 다른 읍면동 칸을 뺀 값)을 쓰고, 가린 칸이 하나만 남은 항등식이 그 칸을 정하며 더 정해지는 칸이 없을 때까지 되풀이한다(README 의 Masked cells). 2016-2024년 45,051 행이 그런 칸이고 15,433 행이 0 이다. 42,225 행은 그 행만으로 정해지고(2026-09-27 3라운드 대조부터 싣는다) 2,826 행은 시군구 행으로 더 정해진다(같은 날 소유자 결정부터). 정해지지 않는 칸은 행이 없다."
naturalization_annual.csv / naturalization_by_country.csv / naturalization_by_age.csv,year,integer,"Reference year. The annual series runs 2011-2024; the by-country and by-age panels run 2011-2024, one year per yearbook edition. They start with the 2011 edition because no earlier edition gives a single year: the 2006, 2007, 2009 and 2010 editions print these two tables cumulatively, from 1991 to the edition year (242,374, 278,713, 363,131 and 405,170 cases against 31,069, 36,339, 49,820 and 42,039 in the year itself, by each edition's own trend table), and the raw inputs hold no naturalization tables for the 2008 edition. Those editions are not used.","기준연도. 연도별 시계열 2011-2024, 국적별·연령별 패널 2011-2024(연보 1권당 1개 연도). 2011년판보다 앞선 판에는 한 해 치 표가 없어 패널은 2011년판부터다: 2006·2007·2009·2010년판의 이 두 표는 1991년부터 그 해까지의 누계(242,374건, 278,713건, 363,131건, 405,170건. 각 판의 연도별 추이표로 그 해만은 31,069건, 36,339건, 49,820건, 42,039건)이고, 원자료에는 2008년판의 국적처리 표가 없다."
naturalization_by_country.csv,country / country_en,string,"Former nationality (Korean + English). Three labels are not nationalities of crosswalk_country.csv. 한국 (Republic of Korea) appears only under the nationality-status types (국적상실, 국적선택, 국적이탈, 국적보유, 국적판정, 국적취득): people resolving a Korean nationality they already held, never naturalization. 중국+한국계중국인 and 러시아(연방)+한국계러시아인 are 2018 only: that edition prints China and Russia with their Korean-descent subgroups folded in and no split, so the combined unit is kept apart rather than entered as China or Russia. In every other year 중국 excludes 한국계중국인.","종전국적(한글+영문). 세 이름은 crosswalk_country.csv 의 국적이 아닙니다. 한국은 국적 상태 유형(국적상실·국적선택·국적이탈·국적보유·국적판정·국적취득)에만 나오며, 이미 지닌 한국 국적을 정리한 사람이지 귀화가 아닙니다. 중국+한국계중국인과 러시아(연방)+한국계러시아인은 2018년에만 있습니다. 그 해 연보가 한국계를 나누지 않고 중국·러시아에 넣어 싣기 때문에 합친 단위로 따로 둡니다. 다른 해의 중국에는 한국계중국인이 들어 있지 않습니다."
naturalization_by_age.csv,age,string,"Ten-year age band (0-9, 10-19, ..., 80-89, 90+), read from each row's own label. The editions print the same ten bands five ways: 0~10세 / 11~20 / ... / 91세이상 (2011, 2017), 0-10세 / 11~20 (2020), 0~10 / 10~20 / ... / 80~90 (2012-2013), 0세~9세 / 10세~19세 / ... / 90세이상 (2021-2022), and bare numerals 10, 20, ... 90, 99 (2014-2016, 2018-2019, 2023-2024). A bare numeral is the band's upper bound (10 = 0-9, 90 = 80-89, 99 = 90 and over): the editions with explicit labels print the same table, and acquisition by a parent's naturalization (수반취득, minors) sits in the bare-10 row exactly as it sits in the 0세~9세 row. The build stops if an edition's labels do not give ten bands in this order.","10세 단위 연령대(0-9, 10-19, ..., 80-89, 90+). 행마다 제 라벨에서 읽는다. 연보는 같은 열 칸을 다섯 가지로 적는다: 0~10세/11~20/…/91세이상(2011, 2017), 0-10세/11~20(2020), 0~10/10~20/…/80~90(2012-2013), 0세~9세/…/90세이상(2021-2022), 숫자만 10, 20, …, 90, 99(2014-2016, 2018-2019, 2023-2024). 숫자만 적은 것은 그 칸의 위 끝이다(10 = 0-9세, 90 = 80-89세, 99 = 90세 이상). 라벨을 다 적은 판이 같은 표를 싣고, 부모의 귀화에 따른 수반취득(미성년)이 그 판의 0세~9세 칸에 있듯 숫자 10 칸에 있다. 한 판의 라벨이 이 순서의 열 칸을 주지 않으면 빌드가 멈춘다."
naturalization_annual.csv / naturalization_by_country.csv / naturalization_by_age.csv,type / type_en,string,"Nationality-processing route (Korean + English). Editions before 2014 publish a single 귀화; later ones split it into general, simplified and special naturalization plus acquisition by family, and 귀화소계 is their sum, which is what the annual table calls 귀화. In naturalization_by_age the 2014 edition prints 귀화소계 without the four routes, which start in 2015. Summed over countries or ages, 귀화소계 (귀화 before 2014) equals naturalization_annual's 귀화 in every year, except naturalization_by_age 2012 (10,539 against 10,540). 국적회복, 국적판정 and 국적이탈 equal the annual series in every year in both panels. The other types differ in 11 cells, each read in the raw editions: the annual series is the newest edition's trend table, which MOJ revises, while each panel year is that year's edition. 2018 in both panels: 국적보유 86 (annual 89), 국적상실 26,608 (26,607), 국적선택 1,714 (1,719), 국적취득(인지) 504 (506). 2012 naturalization_by_age: 국적상실 17,642 (17,641), and 귀화 above. 2013 in both panels: the edition's 국적취득 column holds re-acquisition only (419), without the 343 acquisitions by recognition the annual series adds.","국적처리 유형(한글+영문). 2014년 이전 연보는 귀화 단일 컬럼, 이후는 일반·간이·특별귀화와 수반취득으로 분리되며 귀화소계는 그 합(연도별 표의 귀화와 동일 정의). naturalization_by_age 의 2014년판은 귀화소계만 싣고 네 경로는 2015년부터다. 국적이나 연령을 더한 귀화소계(2014년 전은 귀화)는 해마다 naturalization_annual 의 귀화와 같고, 예외는 naturalization_by_age 2012년(10,539 대 10,540)이다. 국적회복·국적판정·국적이탈은 두 패널 모두 해마다 같다. 나머지 유형은 11칸이 다르며 모두 원자료에서 확인했다. 연도별 표는 법무부가 고치는 최신판의 추이표이고 패널의 각 해는 그 해의 판이기 때문이다. 2018년 두 패널: 국적보유 86(연도별 89), 국적상실 26,608(26,607), 국적선택 1,714(1,719), 국적취득(인지) 504(506). 2012년 연령별: 국적상실 17,642(17,641)와 위의 귀화. 2013년 두 패널: 그 판의 국적취득 칸은 재취득(419)만 담고 연도별 표가 더하는 인지 343건이 없다."
naturalization_annual.csv / naturalization_by_country.csv / naturalization_by_age.csv,n,integer,"Count of cases. naturalization_by_country and naturalization_by_age carry each edition's table as a full grid, one row per printed row (country or age band) and processing type, so a zero is a row with n = 0 in every year. The 2019, 2020 and 2024 by-country tables and the 2019, 2020, 2023 and 2024 by-age tables leave such cells empty where the other editions print 0; each of those rows' printed total equals the sum of its printed cells, so the empty cells are zeros and are carried as 0.","건수. naturalization_by_country 와 naturalization_by_age 는 판마다 표를 빠짐없는 격자로 싣는다. 인쇄된 행(국적 또는 연령대)과 유형마다 한 행이므로, 0 은 모든 해에 n = 0 인 행이다. 2019·2020·2024년 국적별 표와 2019·2020·2023·2024년 연령별 표는 다른 판이 0 을 찍는 칸을 비워 둔다. 그런 행의 인쇄 합계가 찍힌 칸의 합과 같으므로 빈칸은 0 이고, 0 으로 싣는다."
ethnic_enclaves.csv,year,integer,Reference year (2008-2024).,기준연도(2008-2024).
ethnic_enclaves.csv,sido / sido_en / sigungu / sigungu_en,string,Province and district (Korean + English).,시도·시군구(한글+영문).
ethnic_enclaves.csv,country / country_en,string,"Enclave-forming nationality (Korean + English). A row is one district x nationality pair with LQ>=2, share>=30% and count>=200; the residual 기타 and the other columns that name no nationality (무국적, 미등록국가) are never flagged.","집거 형성 국적(한글+영문). 한 행은 LQ>=2, 점유율>=30%, 200명 이상인 시군구×국적 조합이며 잔여 범주 기타와 다른 국적 아닌 칸(무국적·미등록국가)은 넣지 않는다."
ethnic_enclaves.csv,count,integer,Registered foreigners of that nationality in that district.,해당 시군구의 해당 국적 등록외국인 수.
ethnic_enclaves.csv,lq,float,Location quotient on the resident-registry base: (n / district resident_pop) / (national n / national resident_pop); NOT the within-foreigner share.,입지계수 = 지역 점유율 / 전국 점유율.
ethnic_enclaves.csv,share_of_foreign_pct,float,That nationality's share of the district's total foreign population x100.,해당 국적이 시군구 전체 외국인에서 차지하는 비율 x100.
ethnic_enclaves.csv,sigungu_foreign_total,integer,Total foreign population of the district (the share denominator).,시군구 전체 외국인 수(share 분모).
crosswalk_country.csv,source_label,string,Nationality label as it appears in a source yearbook edition.,연감 판본에 실린 국적 표기.
crosswalk_country.csv,country / country_en,string,"Canonical nationality this dataset uses, Korean and English.",이 자료가 쓰는 표준 국적 이름(한글+영문).
crosswalk_country.csv,continent / continent_en,string,World region the canonical nationality is assigned to.,그 국적이 속한 세계 지역.
crosswalk_country.csv,rule,string,"'source label variant' where an edition spells a nationality differently (the 2017 edition's parenthesized labels are listed as printed, '(printed in parentheses)', and so is a name printed with a space between words, such as 한국계 중국인 or 국제연합 전문기구, '(printed with a space)'); 'separate yearbook line folded into this country' where the label is a line of its own that the release adds to another nationality: a territory (미국인근섬, 영령인도양섬, ...), a British nationality class (영국외지민, 영국외지시민, 영국해외영토시민, ...), the legacy code 자이르 or 홍콩거주난민, which recent editions print beside the country they are folded into (2024: 영국 8,697 with 영국외지민 183, 영국외지시민 4 and 영국해외영토시민 3; 콩고민주공화국 378 with 자이르 7; 홍콩 12,786 with 홍콩거주난민 14); 'unchanged' where the label is the standard name itself. Every standard name has an 'unchanged' row, including those other labels merge into (미국, 영국, 타이, 러시아(연방), ...), which lacked one until 2026-09-26. Every label the raw status and district tables print has a row, and every 'source label variant' row is a label they print (check_published_totals.py holds the raw tables to this file both ways; until 2026-09-27 a 대만 row stood for a spelling no edition prints).","어느 판이 국적을 다르게 적은 자리는 'source label variant'(2017년판의 괄호 표기는 찍힌 그대로 '(printed in parentheses)', 낱말 사이를 띄어 찍은 이름(한국계 중국인, 국제연합 전문기구 등)도 찍힌 그대로 '(printed with a space)'); 연보가 따로 찍는 줄을 배포본이 다른 국적에 더하는 자리는 'separate yearbook line folded into this country': 속령(미국인근섬, 영령인도양섬 등), 영국 국적 부류(영국외지민, 영국외지시민, 영국해외영토시민 등), 옛 코드 자이르와 홍콩거주난민으로, 최근 판은 합쳐지는 나라 옆에 따로 찍는다(2024: 영국 8,697 과 영국외지민 183, 영국외지시민 4, 영국해외영토시민 3; 콩고민주공화국 378 과 자이르 7; 홍콩 12,786 과 홍콩거주난민 14). 표기가 곧 표준 이름이면 'unchanged'. 다른 표기가 합쳐지는 이름(미국, 영국, 타이, 러시아(연방) 등)을 포함해 모든 표준 이름에 'unchanged' 행이 있다(2026-09-26 전에는 없었다). 원자료의 체류자격·시군구 표가 찍는 모든 표기에 행이 있고, 'source label variant' 행은 모두 그 표가 찍는 표기다(check_published_totals.py 가 두 방향으로 원자료와 맞댄다; 2026-09-27 까지는 어느 판도 찍지 않는 대만 행이 있었다)."
crosswalk_region.csv,level,string,"Administrative level the row applies to: sido, sigungu, eupmyeondong, or 'lineage' for a boundary-change record.","행이 가리키는 층: sido, sigungu, eupmyeondong, 또는 경계변경 기록 'lineage'."
crosswalk_region.csv,source_sido / source_name,string,Province and place name as the source writes it.,원자료의 시도·지명 표기.
crosswalk_region.csv,sido / name,string,"Province and place name this dataset uses. The province names are the panel's fixed set, so 강원도 and 전라북도 stay under those names after their 2023 / 2024 renames (sido_code changes, the name does not).",이 자료가 쓰는 시도·지명. 시도 이름은 패널의 고정 집합이라 강원도와 전라북도는 2023년·2024년 개칭 뒤에도 그 이름으로 남는다(sido_code 는 바뀐다).
crosswalk_region.csv,rule,string,"Why the two differ: renamed, promoted, moved between provinces, folded into a city total, a line of the district table carried on another district (a sub-office line, a line printed under a district after it was abolished or merged, or a district that merged into another carried under the name of the part on its ground, as 진해시 on 창원시 진해구 in 2008-2009), or a boundary-lineage record in JSON (a pair for a one-to-one succession, a place and a list for a city divided into gu); 'unchanged' for a province printed under the name the release carries (every province has one, the full names the 2008-2009 and later tables print).","다른 이유: 개명, 승격, 시도 이동, 시 총계로 합침, 다른 시군구에 싣는 시군구 표의 줄(출장소 줄, 폐지·통합된 시군구 이름으로 뒤에 찍힌 줄, 또는 다른 시로 통합된 시군구를 제 땅의 구 이름으로 싣는 줄: 2008-2009년 진해시는 창원시 진해구), 또는 JSON 으로 적은 경계 이력(1:1 승계는 한 쌍, 구로 나뉜 시는 지명과 목록). 배포본이 싣는 이름 그대로 찍힌 시도는 'unchanged'(2008-2009년판과 그 뒤 표가 찍는 정식 이름마다 한 행)."
crosswalk_visa.csv,source_code,string,"Visa code as a source edition lists it, including pre-2010 sub-codes, and the code-less column of unclassified statuses as it is headed (기타, 기타(other), 기타(others), 기타(Others), by edition), and, for a code some editions print under another label, the code with those editions (e.g. 'D3 (2006-2008, 2010-2012 editions)'); the three crew columns of the 2007-2009 editions likewise ('E0A (2007-2009 editions)', 'E0B (2007-2009 editions)', 'E0C (2009 edition)').","연감 판본의 체류자격 코드. 2010년 이전 하위 코드와, 코드 없이 「기타」·「기타(other)」·「기타(others)」·「기타(Others)」로 머리를 단(판마다 다르다) 미분류 자격 칸을 포함한다. 어떤 판이 다른 이름으로 찍는 코드는 그 판들과 함께 적는다(예: 'D3 (2006-2008, 2010-2012 editions)'). 2007-2009년판의 선원 세 칸도 그렇게 적는다('E0A (2007-2009 editions)', 'E0B (2007-2009 editions)', 'E0C (2009 edition)')."
crosswalk_visa.csv,visa_code,string,Parent code this dataset reports for the source code (E8T for the 2006-2009 E-8; E10 for the 2007-2009 crew columns E0A to E0C).,"원자료 코드에 대해 이 자료가 싣는 부모 코드(2006-2009년판 E-8 은 E8T, 2007-2009년판 선원 칸 E0A-E0C 는 E10)."
crosswalk_visa.csv,visa_label / visa_label_en,string,Korean and English name of the parent code.,부모 코드의 한글·영문 이름.
crosswalk_visa.csv,rule,string,"'sub-code collapsed to parent', 'unchanged', 'source label variant (the code-less column of unclassified statuses)' for the 기타 column carried as ETC (10,171 people in 2018, 39,210 in 2020), for E-8 in the 2006-2009 editions 'same source code, different status' (carried as E8T), or 'same code, label printed as ...' for a label an edition prints in place of the released one: D-3 산업연수 (the 2006-2012 editions; 기술연수 from 2013), C-3 단기종합, D-7 상사주재, E-7 특정직업, E-9 비취업, E-2 회화 and 회화강사, E-10 내항선원 (2006), G-1 기타, and 연수취업 over the seasonal-worker E-8 of the 2022 and 2024 registered tables. The three crew columns the 2007-2009 editions print in place of an E-10 column (E0A 내항선원, E0B 어선원, E0C 순항선원 in 2009; E-0-A to E-0-C in the district tables) have a rule naming the label and the E-10 subdivision each is (E-10-1 to E-10-3), carried as E10 since 2026-09-27; they were a code of their own, E0, before.","'sub-code collapsed to parent', 'unchanged', ETC 로 싣는 코드 없는 기타 칸은 'source label variant (the code-less column of unclassified statuses)'(2018년 10,171명, 2020년 39,210명), 2006-2009년판의 E-8 에 'same source code, different status'(E8T 로 싣는다), 또는 어떤 판이 배포본과 다른 이름으로 찍은 자격에 'same code, label printed as ...': D-3 산업연수(2006-2012년판, 2013년부터 기술연수), C-3 단기종합, D-7 상사주재, E-7 특정직업, E-9 비취업, E-2 회화·회화강사, E-10 내항선원(2006), G-1 기타, 그리고 2022·2024년 등록 표가 계절근로 E-8 칸에 찍은 연수취업. 2007-2009년판이 E-10 칸 대신 찍는 선원 세 칸(E0A 내항선원, E0B 어선원, 2009년 E0C 순항선원; 시군구 표는 E-0-A 에서 E-0-C)은 그 이름과 해당하는 E-10 의 세 구분(E-10-1 에서 E-10-3)을 적은 규칙을 달고, 2026-09-27 부터 E10 으로 싣는다. 그 전에는 따로 E0 코드였다."
language_weights.csv,country,string,"Nationality, in the canonical label, for every standard name crosswalk_country lists, the lines that name no nationality included.","표준 국적 이름. crosswalk_country 가 싣는 표준 이름마다 있고, 국적 없는 줄도 포함한다."
language_weights.csv,language / language_en,string,A first language spoken in that country of origin.,그 출신국에서 쓰이는 제1언어.
language_weights.csv,share,float,"Fraction of that country's population speaking the language as a first language; the weights language_demand allocates each nationality with. Derived from Ethnologue, which is not redistributed here.",그 나라 인구 가운데 그 언어를 모어로 쓰는 비율. language_demand 가 국적을 나눌 때 쓰는 가중치다. Ethnologue 에서 파생했고 원본은 재배포하지 않는다.
language_weights.csv,note,string,"'no first-language shares available' for the lines that name no nationality (무국적, 기타, 미등록국가, 미상, 한국, 국적불명, 국제연합, 국제연합전문기구) and where the first language is Korean (한국계중국인, 북한): their people add nothing to language_demand. 한국계러시아인 and 한국계미국인, for which the source has no entry, take the language of the country of residence (Russian, English); 한국계미국인 had no shares until 2026-09-27 and has no people in any nationality file, so no demand moved. Until 2026-09-27 북한, 케이맨제도 and 한국계미국인 had no row at all; none of them has people in the nationality files language_demand is built from (북한 appears only in naturalization_by_country).","국적 없는 줄(무국적, 기타, 미등록국가, 미상, 한국, 국적불명, 국제연합, 국제연합전문기구)과 모어가 한국어인 경우(한국계중국인, 북한)는 'no first-language shares available'. 그 사람들은 language_demand 에 더해지지 않는다. 출처에 항목이 없는 한국계러시아인과 한국계미국인은 사는 나라의 말(러시아어, 영어)을 준다. 한국계미국인은 2026-09-27 까지 비중이 없었고 어느 국적 파일에도 사람이 없어 수요는 움직이지 않았다. 2026-09-27 까지 북한, 케이맨제도, 한국계미국인은 행이 없었다. 셋 다 language_demand 가 읽는 국적 파일에는 사람이 없다(북한은 naturalization_by_country 에만 나온다)."
language_demand.csv,year,integer,Reference year (2006-2024).,기준연도(2006-2024).
language_demand.csv,scope,string,"'national' (all languages, computed from the published national staying-foreigners composition, the nationalities of nationality_national population='stay'), 'sido' (all languages per province, computed from the registered district-assigned sums in nationality_by_sido; added in v1.2.0), or 'sigungu' (the 20 languages with the largest estimate in each district, ties broken by the Korean label, from nationality_by_sigungu). The national scope therefore sits on the broader staying-population basis while the subnational scopes sit on the registered district-assigned basis; the scopes are not nested sums.","'national'(전체 언어; 공표 전국 체류외국인 구성, nationality_national 의 population='stay' 에서 계산), 'sido'(시도별 전체 언어; nationality_by_sido 의 등록·시군구 배정 합에서 계산, v1.2.0 추가), 'sigungu'(시군구마다 추정치가 큰 20개 언어, 같으면 한글 이름 순; nationality_by_sigungu 에서). 전국은 체류 기준, 시도·시군구는 등록(시군구 배정) 기준이라 scope 간 합산 관계가 아니다."
language_demand.csv,sido / sido_en / sigungu / sigungu_en,string,Province and district (Korean + English); blank for national-scope rows.,시도·시군구(한글+영문); national 행은 공백.
language_demand.csv,language / language_en,string,"Estimated first language: language is the Korean label, language_en the English one. Every language of the sigungu scope, and every language that reaches 500 estimated speakers at the national or sido scope in some year, has a Korean label (a transliteration of the Ethnologue name where Korean has no settled one); the rest of the long tail keeps the Ethnologue English name in both columns: 951 of the 1,428 national labels of 2024, 1.5% of that year's estimated speakers.","추정 모어. language 는 한글, language_en 은 영문 이름. sigungu 범위의 모든 언어와, national·sido 범위에서 어느 해든 추정 화자 500명에 이르는 모든 언어는 한글 이름을 가진다(자리 잡은 한국어 이름이 없으면 Ethnologue 이름을 외래어 표기법으로 옮김). 나머지 긴 꼬리는 두 칸 모두 Ethnologue 영문 이름이다: 951년 national 라벨 1,428개 가운데 2024개, 그 해 추정 화자의 1.5%."
language_demand.csv,count,integer,"Estimated speakers = nationality count x that country's L1 (mother-tongue) speaker share (Ethnologue 24; the shares are language_weights.csv), summed over nationalities and rounded once, half up, to whole persons. Korean excluded. A language is kept only when that sum, before rounding, reaches one person: a sum of 0.5 to 0.999 is dropped, although rounding alone would give 1. Every row re-derives exactly from the released nationality counts and language_weights.csv.","추정 화자수 = 국적별 인원 x 해당국 L1 모어 share(Ethnologue 24; 비중은 language_weights.csv) 를 국적마다 더한 뒤 한 번만, 반올림(0.5 올림)으로 정수. 한국어 제외. 반올림하기 전의 합이 1명에 이르는 언어만 싣는다. 합이 0.5 이상 1 미만이면 반올림만으로는 1 이지만 뺀다. 모든 행이 공개된 국적 인원과 language_weights.csv 에서 그대로 다시 나온다."
segregation_by_nationality.csv,year,integer,Reference year (2014-2024).,기준연도(2014-2024).
segregation_by_nationality.csv,country / country_en,string,"Nationality (Korean + English). One row for every nationality whose national_total is 100 or more that year, and for no other; the lines that name no nationality (무국적, 기타, 미등록국가, 미상, 한국) never have a row. Until 2026-09-26 the rows were carried over from an earlier build, so a nationality that reached 100 later had none (아르헨티나 2018, 짐바브웨 2023).","국적(한글+영문). 그 해 national_total 이 100 이상인 국적마다 한 행이 있고, 그 밖에는 없다. 국적 없는 줄(무국적, 기타, 미등록국가, 미상, 한국)은 행이 없다. 2026-09-26 까지는 앞선 빌드의 행을 물려받아, 뒤에 100에 이른 국적은 행이 없었다(아르헨티나 2018, 짐바브웨 2023)."
segregation_by_nationality.csv,continent / continent_en,string,World region of origin (Korean + English).,출신 권역(한글+영문).
segregation_by_nationality.csv,national_total,integer,"National count of that nationality (segregation base): the sum over the districts the indices are computed on, every district with a resident population. The rows under a bare city name beside that city's gu have none and are left out (4 people in 2014 창원시, 2 in 2015 수원시 and 1 in 2015 창원시), so in 2014-2015 a nationality's national_total can sit a few people below its nationality_by_sigungu sum.","해당 국적 전국 인원(분리지수 기준). 지수를 계산하는 시군구, 곧 주민등록인구가 있는 모든 시군구의 합이다. 일반구 옆에 시 이름만 적힌 행에는 주민등록인구가 없어 빠지므로(2014년 창원시 4명, 2015년 수원시 2명, 2015년 창원시 1명), 2014-2015년에는 nationality_by_sigungu 의 합보다 몇 명 적을 수 있다."
segregation_by_nationality.csv,dissimilarity_D,float,"Index of dissimilarity (D) vs Koreans across districts (evenness), over every district with a resident population (see national_total).","내국인 대비 비유사성 지수(D), 시군구 분포(균등성). 주민등록인구가 있는 모든 시군구에서 계산한다(national_total 참조)."
segregation_by_nationality.csv,isolation,float,Isolation index (own-group exposure).,고립 지수(동족 노출).
segregation_by_nationality.csv,interaction_korean,float,Interaction with Koreans (cross-group exposure).,내국인과의 접촉(이질 노출).
nationality_by_sido.csv,year,integer,"Reference year (2006-2024). 2006 and 2007 come from the yearbook's province table, the only nationality detail those editions print below the country; 2008 on are the district table summed.","기준연도(2006-2024). 2006·2007년은 그 판이 전국 아래로 싣는 유일한 국적 표인 연보의 시도 표에서, 2008년부터는 시군구 표를 더한 값이다."
visa_by_sido.csv,year,integer,Reference year (2008-2024).,기준연도(2008-2024).
nationality_by_sido.csv / visa_by_sido.csv,sido / sido_en,string,"Province or metropolitan city (Korean + English) the districts are summed into: the province each district belonged to that year, the first two digits of its sigungu_code (군위군 in 경상북도 through 2022, 세종시 in 충청남도 through 2011; see sido_code).","시군구를 더해 넣은 광역시·도(한글+영문). 시군구는 그 해 속했던 시도, 곧 sigungu_code 앞 두 자리의 시도에 든다(군위군은 2022년까지 경상북도, 세종시는 2011년까지 충청남도; sido_code 참고)."
nationality_by_sido.csv,country / country_en,string,"Nationality (Korean + English), as in nationality_by_sigungu. In 2006 and 2007 the province table names five nationalities (타이완, 미국, 일본, 필리핀, 중국; 중국 without 한국계중국인) and puts every other person, 한국계중국인 included, in one Other column, carried as 기타.","국적(한글+영문). nationality_by_sigungu 와 같다. 2006·2007년 시도 표는 다섯 국적(타이완, 미국, 일본, 필리핀, 중국; 중국은 한국계중국인 제외)만 적고 나머지는 한국계중국인까지 기타 한 칸에 넣으며, 그 칸을 기타로 싣는다."
nationality_by_sido.csv,n,integer,"Registered foreigners of that nationality in that province-year: in 2006 and 2007 the yearbook's province table as printed (the 2006 edition prints each province cell as 거주 + 기타 residents with no total line, and n is their sum), summing to summary_by_sido.registered_foreigners; from 2008, nationality_by_sigungu summed within the province, the district table's columns that name no nationality included. The province sums add up to the national registered total in every year except 2015, when they are one person short: the yearbook's 경기도 subtotal holds a person none of its district lines does (the district-by-visa table prints that person on a 화성시 동부출장소 line).","그 시도·연도·국적의 등록외국인 수. 2006·2007년은 연보 시도 표 그대로(2006년판은 시도 칸마다 거주·기타 두 줄만 싣고 총계 줄이 없어 그 합), summary_by_sido 의 registered_foreigners 와 합이 같다. 2008년부터는 nationality_by_sigungu 를 시도 안에서 더한 것이고, 시군구 표의 국적 아닌 칸도 들어 있다. 시도 합은 해마다 전국 등록외국인 총계와 같고, 2015년만 한 명 적다. 그 해 연보의 경기도 소계에는 어느 시군구 줄에도 없는 한 명이 들어 있다(시군구x체류자격 표는 그 사람을 화성시 동부출장소 줄에 싣는다)."
visa_by_sido.csv,visa_code,string,"Visa/status-of-stay code, written without hyphens (E9, F4 = the source's E-9, F-4), as in visa_by_sigungu.","체류자격(비자) 코드, 하이픈 없이 표기(E9, F4 = 원자료의 E-9, F-4). visa_by_sigungu 와 같다."
visa_by_sido.csv,n,integer,Registered foreigners on that visa in that province-year: visa_by_sigungu summed within the province. The province sums add up to the national registered total in every year.,그 시도·연도·자격의 등록외국인 수. visa_by_sigungu 를 시도 안에서 더한 것이다. 시도 합이 해마다 전국 등록외국인 총계와 같다.
nationality_national.csv / visa_national.csv,year,integer,Reference year (2006-2024).,기준연도(2006-2024).
nationality_national.csv / visa_national.csv,population,string,Population base (values: registered / stay): registered foreigners (등록) or staying foreigners (체류). Filter to one before summing.,모집단(값: registered / stay): 등록외국인 또는 체류외국인. 더하기 전에 하나로 거르십시오.
nationality_national.csv,country / country_en,string,"Nationality (Korean + English), with the yearbook's lines that name no nationality (see visa_by_nationality.country).",국적(한글+영문). 연보의 국적 아닌 줄도 싣는다(visa_by_nationality.country 참조).
nationality_national.csv,n,integer,"Published national count of that nationality: visa_by_nationality summed over visa_code. Each year sums to the grand total the yearbook prints, on both bases. Every year of both bases is read from the edition's own nationality x status table; until 2026-09-26 the staying basis of 2006-2010 was composed from three other tables, which put the F-4 residence reports on 중국 and 러시아(연방) where the table books them on 한국계중국인 and 한국계러시아인.",그 국적의 공표 전국 수. visa_by_nationality 를 자격에 대해 더한 것이다. 해마다 두 기준 모두 연보가 인쇄한 총계와 같다(두 기준 모두 모든 해를 그 판의 국적×체류자격 표에서 읽는다. 2026-09-26 까지 2006-2010 체류는 다른 세 표를 합친 값).
visa_national.csv,visa_code,string,"Visa/status-of-stay code, written without hyphens (E9, F4 = the source's E-9, F-4).","체류자격(비자) 코드, 하이픈 없이 표기(E9, F4 = 원자료의 E-9, F-4)."
visa_national.csv,visa_label / visa_label_en,string,"Visa category label (Korean + English), one per code and year, as in visa_by_nationality.",체류자격 이름(한글+영문). 연도·코드마다 하나이며 visa_by_nationality 와 같다.
visa_national.csv,n,integer,Published national count under that status: visa_by_nationality summed over country.,그 자격의 공표 전국 수. visa_by_nationality 를 국적에 대해 더한 것이다.
national_annual.csv,broad_total / non_naturalized / workers / marriage_migrants / students / ethnic_koreans / other_foreigners / naturalized / children / foreign_resident_households,integer,"The MOIS settlement-composition block the sido and sigungu summaries carry, summed to the national level (added in v1.2.0). A year is filled only when every province reports; otherwise blank, never 0.","시도·시군구 요약이 싣는 행정안전부 정착 구성 블록을 전국으로 더한 것(v1.2.0 추가). 모든 시도가 보고한 해만 채우고, 아니면 0이 아니라 공란이다."
national_annual.csv,settlement_rate_pct / labor_dependence_pct / marriage_dependence_pct / study_dependence_pct,float,Derived from the national sums with the same formulas as the sido and sigungu summaries.,전국 합에서 시도·시군구 요약과 같은 식으로 계산한 값.
region_segregation.csv,year,integer,Reference year (2014-2024).,기준연도(2014-2024).
region_segregation.csv,continent / continent_en,string,"Continent / world region of origin (Korean + English). Named region / region_en through v1.1.0; the values are continents, not places in Korea.",출신 대륙·권역(한글+영문). v1.1.0 까지 region 이라는 이름이었다. 값은 한국의 지역이 아니라 출신 대륙이다.
region_segregation.csv,total,integer,"National count of registered foreigners from that region: every nationality in nationality_by_sigungu, summed by the continent crosswalk_country assigns it (the same map continent_H uses), so it equals that sum exactly. 기타 (Other) holds only the labels that name no country: 무국적 in 2014-2016, 2019, 2021-2022 and 2024; 기타 in 2017-2018, 2020 and 2023; 국제연합 in 2014-2016, 2019 and 2021-2024; 미등록국가 in 2014-2016, 2019 and 2021-2022; 국적불명 in 2024; 국제연합전문기구 in 2023-2024; 184 people in 2024. Until the 2026-09-26 build the regions were formed from segregation_by_nationality, which lists nationalities of 100 or more, and every smaller nationality fell into 기타 (2,483 people in 2024).","그 권역의 전국 등록외국인 수. nationality_by_sigungu 의 모든 국적을 crosswalk_country 의 대륙(continent_H 와 같은 대응표)으로 더한 것이라 그 합과 정확히 같다. 기타에는 나라가 아닌 이름만 들어간다: 무국적 2014-2016, 2019, 2021-2022, 2024년; 기타 2017-2018, 2020, 2023년; 국제연합 2014-2016, 2019, 2021-2024년; 미등록국가 2014-2016, 2019, 2021-2022년; 국적불명 2024년; 국제연합전문기구 2023-2024년. 2024년 184명이다. 2026-09-26 빌드 전에는 권역을 segregation_by_nationality(100명 이상 국적만 실음)에서 만들어, 그보다 작은 국적이 모두 기타로 들어갔다(2024년 2,483명)."
region_segregation.csv,dissimilarity_D,float,"Index of dissimilarity (D) vs Koreans across districts, over every district with a resident population: the rows under a bare city name beside that city's gu (4 people in 2014 창원시, 2 in 2015 수원시 and 1 in 2015 창원시) count in total but not in the indices.","내국인 대비 비유사성 지수(D). 주민등록인구가 있는 모든 시군구에서 계산한다. 일반구 옆에 시 이름만 적힌 행(2014년 창원시 4명, 2015년 수원시 2명, 2015년 창원시 1명)은 total 에는 들고 지수에는 들지 않는다."
region_segregation.csv,isolation,float,Isolation index.,고립 지수.
national_annual.csv,year,integer,Reference year (2008/2009-2024).,기준연도(2008/2009-2024).
national_annual.csv,foreign_total,integer,"National MOJ registered foreigners (= sum of summary_by_sigungu). It equals the national registered total the yearbook prints in every year except 2015, one person below it: the yearbook's 경기도 subtotal holds a person none of its district lines does (the district-by-visa table prints that person on a 화성시 동부출장소 line).","전국 MOJ 등록외국인(= summary_by_sigungu 합). 해마다 연보가 인쇄한 전국 등록외국인 총계와 같고, 2015년만 한 명 적다. 그 해 연보의 경기도 소계에 어느 시군구 줄에도 없는 한 명이 들어 있다(시군구x체류자격 표는 그 사람을 화성시 동부출장소 줄에 싣는다)."
national_annual.csv,total_pop,integer,National resident-registration population.,전국 주민등록인구.
national_annual.csv,foreign_share_pct,float,National foreign share x100.,전국 외국인 비율 x100.
national_annual.csv,shannon_H / shannon_H_inclusive / continent_H / HHI / evenness,float,"National-level diversity, concentration, and evenness indices (see README).",전국 수준 다양성·집중·균등 지표(README 참조).
national_annual.csv,theil_segregation_H,float,"Theil multigroup segregation H over Koreans + each nationality (Reardon & Firebaugh 2002), on a uniform top-19-plus-residual basis every year, over every district with a resident population, with Korean count = resident_pop and district total = resident_pop + registered_foreigners. The rows under a bare city name beside that city's gu have no resident population and are left out (3 to 294 people a year in 2009-2015).","내국인+국적별 Theil 다집단 분리지수 H(Reardon & Firebaugh 2002). 전 연도 동일한 top-19+잔여 기준, 주민등록인구가 있는 모든 시군구, 내국인=resident_pop, 분모=resident_pop+등록외국인. 일반구 옆에 시 이름만 적힌 행은 주민등록인구가 없어 빠진다(2009-2015년 해마다 3-294명)."
national_annual.csv,morans_I_share,float,Moran's I of the district foreign-share surface (spatial autocorrelation).,시군구 외국인비율의 Moran's I(공간 자기상관).
national_annual.csv,index_base_k,integer,"Number of categories every diversity index (shannon_H, shannon_H_inclusive, continent_H, HHI, evenness) is computed over: those of the year's national top 19 nationalities present in the unit, plus one residual bin. It is at most 20: 20 for the country in every year, and less wherever some of the national top 19 are absent. The province rows of 2006-2007, which have no district table, are computed over the five nationalities the province table names plus its Other column, so 6. It describes the index basis, not the unit. Carried the name n_nationalities through v1.1.0; until 2026-09-27 the province rows of 2006-2013 left the residual bin out (5 in 2006-2007, 18-19 in 2008-2013), and HHI of the country and of the provinces and shannon_H_inclusive of the provinces were computed on the full nationality detail.","다양성 지수(shannon_H, shannon_H_inclusive, continent_H, HHI, evenness)를 모두 계산한 칸 수. 그 해 전국 상위 19개국 가운데 그 단위에 있는 나라와 잔여 한 칸이며, 최대 20이다. 전국은 해마다 20이고, 전국 상위 19개국 가운데 빠진 나라가 있는 곳은 20보다 작다. 시군구 표가 없는 2006-2007년의 시도 행은 시도 표가 이름을 적은 다섯 국적과 그 표의 기타 칸으로 계산하므로 6이다. 그 지역의 성질이 아니라 지수의 밑변이다. v1.1.0 까지 n_nationalities 라는 이름으로 실렸다. 2026-09-27 까지 2006-2013년 시도 행은 잔여 칸을 빼고 계산했고(2006-2007 은 5, 2008-2013 은 18-19), 전국과 시도의 HHI 와 시도의 shannon_H_inclusive 는 모든 국적을 따로 세어 계산했다."
national_annual.csv,n_nationalities_observed,integer,"Distinct nationalities the source lists for that unit and year, with the residual bin and every line that names no country (무국적, 미등록국가, 기타, 국적불명, 국제연합, 국제연합전문기구) excluded. Capped at 19 for 2008-2013, when the yearbook publishes only the top 19 plus a residual at the district level; full detail from 2014.","그 단위·그 해에 연감이 싣는 국적 수(잔여 칸과 나라 이름이 없는 줄, 곧 무국적·미등록국가·기타·국적불명·국제연합·국제연합전문기구 제외). 연감이 시군구 단위에서 전체 국적을 싣기 시작한 해가 2014년이라 2008-2013 은 19에서 막힌다."
national_annual.csv,n_enclaves,integer,"Number of ethnic enclaves that year: district x nationality pairs with LQ>=2, the nationality >=30% of the district's foreign population, and >=200 people; equals that year's row count in ethnic_enclaves.csv.","그 해 집거지 수: LQ>=2, 시군구 외국인의 30% 이상, 200명 이상인 시군구×국적 조합의 수. ethnic_enclaves.csv 의 그 해 행 수와 같다."
diaspora_residence_by_sido.csv,year,integer,Reference year (2008-2024).,기준연도(2008-2024).
diaspora_residence_by_sido.csv,sido / sido_en,string,"Province or metropolitan city (Korean + English), on the same fixed name set the rest of the panel uses. The 2012 table also prints a line 기타 / Others that names no province (8 people); it is carried as sido 기타 / Other with a blank sido_code, so each year sums to the table's own grand total.","광역시·도(한글+영문). 다른 파일과 같은 고정 이름 집합을 씁니다. 2012년 표는 시도를 적지 않은 「기타 / Others」 줄(8명)도 찍으므로 sido 「기타 / Other」, 빈 sido_code 로 싣습니다. 그래서 해마다 합이 표의 총계와 같습니다."
diaspora_residence_by_sido.csv,country / country_en,string,"Nationality of the overseas Korean, with its English name. The yearbook names between 10 and 93 nationalities a year (10 in 2008, 93 in 2024). Everyone in the table is ethnic Korean, so its China and Russia columns are the Korean-Chinese and Korean-Russian populations; the editions head them 중국 and 러시아 through 2017 and 한국계 중국인 and 한국계 러시아인 later (Russia already in 2014-2015), and the file writes 한국계중국인 and 한국계러시아인 in every year so each series runs unbroken. The residual 기타 is not read from the source but computed as the province total minus the named nationalities, because the 2011 sheet's own residual cell is inconsistent with its province rows.","재외동포의 국적(한글+영문). 연보는 해마다 10~93개 국적을 적습니다(10개 2008년, 93개 2024년). 표의 모든 사람이 동포이므로 중국·러시아 칸은 한국계중국인·한국계러시아인입니다. 연보는 2017년까지 중국·러시아, 그 뒤로 한국계 중국인·한국계 러시아인이라 적고(러시아는 2014-2015년에도), 이 파일은 계열이 끊기지 않도록 모든 해에 한국계중국인·한국계러시아인으로 씁니다. 잔여 항목 「기타」는 원본에서 읽지 않고 시도 총계에서 명시된 국적의 합을 뺀 값으로 계산합니다. 2011년 시트의 기타 칸이 그 시도 행들과 어긋나 있기 때문입니다."
diaspora_residence_by_sido.csv,n,integer,"Number of overseas-Korean residence reports (거소신고). These are holders of the F-4 status, who file a place-of-residence report under the Overseas Koreans Act instead of a foreign-resident registration, and therefore never appear in visa_by_sigungu or visa_by_sido. The yearly totals sit within 1.3% of the F-4 count in visa_national on the staying basis. The source publishes this at province level only, so there is no district file.","외국적동포 거소신고 인원. F-4 자격자로, 재외동포법에 따라 외국인등록이 아니라 거소신고를 하므로 visa_by_sigungu 와 visa_by_sido 에는 나오지 않습니다. 연도별 합계는 visa_national 의 체류 기준 F-4 와 1.3% 안에서 일치합니다. 원본이 시도 단위로만 공표하므로 시군구 파일은 없습니다."
(all files),*_en columns,string,"Every Korean categorical column has an English partner (sido_en, sigungu_en, country_en, language_en, category_en, type_en, visa_label_en, continent_en). Files are UTF-8 with BOM: read with encoding='utf-8-sig'.",모든 한글 범주 컬럼에 영문 병기. 파일은 UTF-8 BOM → encoding='utf-8-sig'로 읽기.
